key,name,message,details,documentationLink
'localId=https%3a%2f%2fsapolicyairagdev.blob.core.windows.net%2fbc-corp-policy-documents%2fit%2fpassword-reset-guide.txt&documentKey=https%3a%2f%2fsapolicyairagdev.blob.core.windows.net%2fbc-corp-policy-documents%2fit%2fpassword-reset-guide.txt','Enrichment.ShaperSkill.security-metadata-to-collections','Skill executed but may have unexpected results because one or more skill input was invalid.','
Expression language parsing issues:
Missing or empty value '/document/allowed_users'.
Missing or empty value '/document/allowed_roles'.','https://go.microsoft.com/fwlink/?linkid=2106385'
'localId=https%3a%2f%2fsapolicyairagdev.blob.core.windows.net%2fbc-corp-policy-documents%2fit%2fpassword-reset-guide.txt&documentKey=https%3a%2f%2fsapolicyairagdev.blob.core.windows.net%2fbc-corp-policy-documents%2fit%2fpassword-reset-guide.txt','Projection.IndexProjections.SearchIndex.index-policy-assist-ai-search-v2','Could not generate projection from input '/document/pages/*'. Check the 'source' or 'sourceContext' property of your projection in your skillset. =$(/document/pages/*) ?map { "allowed_groups": $(/document/security_metadata/allowed_groups)_ "allowed_roles": $(/document/security_metadata/allowed_roles), "allowed_users": $(/document/security_metadata/allowed_users), "chunk": $(/document/pages/*), "effective_date": $(/document/effective_date), "last_modified": $(/document/metadata_storage_last_modified), "policy_category": $(/document/policy_category), "policy_name": $(/document/policy_name), "policy_scope": $(/document/security_metadata/policy_scope), "source_file": $(/document/metadata_storage_name), "source_path": $(/document/metadata_storage_path), "text_vector": $(/document/pages/*/text_vector), "title": $(/document/metadata_storage_name) }','Missing or empty value '/document/policy_name'.','https://go.microsoft.com/fwlink/?linkid=2099697'
'localId=https%3a%2f%2fsapolicyairagdev.blob.core.windows.net%2fbc-corp-policy-documents%2fit%2fpassword-reset-guide.txt&documentKey=https%3a%2f%2fsapolicyairagdev.blob.core.windows.net%2fbc-corp-policy-documents%2fit%2fpassword-reset-guide.txt','Projection.IndexProjections.SearchIndex.index-policy-assist-ai-search-v2','Could not generate projection from input '/document/pages/*'. Check the 'source' or 'sourceContext' property of your projection in your skillset. =$(/document/pages/*) ?map { "allowed_groups": $(/document/security_metadata/allowed_groups)_ "allowed_roles": $(/document/security_metadata/allowed_roles), "allowed_users": $(/document/security_metadata/allowed_users), "chunk": $(/document/pages/*), "effective_date": $(/document/effective_date), "last_modified": $(/document/metadata_storage_last_modified), "policy_category": $(/document/policy_category), "policy_name": $(/document/policy_name), "policy_scope": $(/document/security_metadata/policy_scope), "source_file": $(/document/metadata_storage_name), "source_path": $(/document/metadata_storage_path), "text_vector": $(/document/pages/*/text_vector), "title": $(/document/metadata_storage_name) }','Missing or empty value '/document/policy_category'.','https://go.microsoft.com/fwlink/?linkid=2099697'
'localId=https%3a%2f%2fsapolicyairagdev.blob.core.windows.net%2fbc-corp-policy-documents%2fit%2fpassword-reset-guide.txt&documentKey=https%3a%2f%2fsapolicyairagdev.blob.core.windows.net%2fbc-corp-policy-documents%2fit%2fpassword-reset-guide.txt','Projection.IndexProjections.SearchIndex.index-policy-assist-ai-search-v2','Could not generate projection from input '/document/pages/*'. Check the 'source' or 'sourceContext' property of your projection in your skillset. =$(/document/pages/*) ?map { "allowed_groups": $(/document/security_metadata/allowed_groups)_ "allowed_roles": $(/document/security_metadata/allowed_roles), "allowed_users": $(/document/security_metadata/allowed_users), "chunk": $(/document/pages/*), "effective_date": $(/document/effective_date), "last_modified": $(/document/metadata_storage_last_modified), "policy_category": $(/document/policy_category), "policy_name": $(/document/policy_name), "policy_scope": $(/document/security_metadata/policy_scope), "source_file": $(/document/metadata_storage_name), "source_path": $(/document/metadata_storage_path), "text_vector": $(/document/pages/*/text_vector), "title": $(/document/metadata_storage_name) }','Missing or empty value '/document/effective_date'.','https://go.microsoft.com/fwlink/?linkid=2099697'
'localId=https%3a%2f%2fsapolicyairagdev.blob.core.windows.net%2fbc-corp-policy-documents%2fit%2fincident-management-process.pdf&documentKey=https%3a%2f%2fsapolicyairagdev.blob.core.windows.net%2fbc-corp-policy-documents%2fit%2fincident-management-process.pdf','Enrichment.ShaperSkill.security-metadata-to-collections','Skill executed but may have unexpected results because one or more skill input was invalid.','
Expression language parsing issues:
Missing or empty value '/document/allowed_users'.
Missing or empty value '/document/allowed_roles'.','https://go.microsoft.com/fwlink/?linkid=2106385'
'localId=https%3a%2f%2fsapolicyairagdev.blob.core.windows.net%2fbc-corp-policy-documents%2fit%2fincident-management-process.pdf&documentKey=https%3a%2f%2fsapolicyairagdev.blob.core.windows.net%2fbc-corp-policy-documents%2fit%2fincident-management-process.pdf','Projection.IndexProjections.SearchIndex.index-policy-assist-ai-search-v2','Could not generate projection from input '/document/pages/*'. Check the 'source' or 'sourceContext' property of your projection in your skillset. =$(/document/pages/*) ?map { "allowed_groups": $(/document/security_metadata/allowed_groups)_ "allowed_roles": $(/document/security_metadata/allowed_roles), "allowed_users": $(/document/security_metadata/allowed_users), "chunk": $(/document/pages/*), "effective_date": $(/document/effective_date), "last_modified": $(/document/metadata_storage_last_modified), "policy_category": $(/document/policy_category), "policy_name": $(/document/policy_name), "policy_scope": $(/document/security_metadata/policy_scope), "source_file": $(/document/metadata_storage_name), "source_path": $(/document/metadata_storage_path), "text_vector": $(/document/pages/*/text_vector), "title": $(/document/metadata_storage_name) }','Missing or empty value '/document/policy_name'.','https://go.microsoft.com/fwlink/?linkid=2099697'
'localId=https%3a%2f%2fsapolicyairagdev.blob.core.windows.net%2fbc-corp-policy-documents%2fit%2fincident-management-process.pdf&documentKey=https%3a%2f%2fsapolicyairagdev.blob.core.windows.net%2fbc-corp-policy-documents%2fit%2fincident-management-process.pdf','Projection.IndexProjections.SearchIndex.index-policy-assist-ai-search-v2','Could not generate projection from input '/document/pages/*'. Check the 'source' or 'sourceContext' property of your projection in your skillset. =$(/document/pages/*) ?map { "allowed_groups": $(/document/security_metadata/allowed_groups)_ "allowed_roles": $(/document/security_metadata/allowed_roles), "allowed_users": $(/document/security_metadata/allowed_users), "chunk": $(/document/pages/*), "effective_date": $(/document/effective_date), "last_modified": $(/document/metadata_storage_last_modified), "policy_category": $(/document/policy_category), "policy_name": $(/document/policy_name), "policy_scope": $(/document/security_metadata/policy_scope), "source_file": $(/document/metadata_storage_name), "source_path": $(/document/metadata_storage_path), "text_vector": $(/document/pages/*/text_vector), "title": $(/document/metadata_storage_name) }','Missing or empty value '/document/policy_category'.','https://go.microsoft.com/fwlink/?linkid=2099697'
'localId=https%3a%2f%2fsapolicyairagdev.blob.core.windows.net%2fbc-corp-policy-documents%2fit%2fincident-management-process.pdf&documentKey=https%3a%2f%2fsapolicyairagdev.blob.core.windows.net%2fbc-corp-policy-documents%2fit%2fincident-management-process.pdf','Projection.IndexProjections.SearchIndex.index-policy-assist-ai-search-v2','Could not generate projection from input '/document/pages/*'. Check the 'source' or 'sourceContext' property of your projection in your skillset. =$(/document/pages/*) ?map { "allowed_groups": $(/document/security_metadata/allowed_groups)_ "allowed_roles": $(/document/security_metadata/allowed_roles), "allowed_users": $(/document/security_metadata/allowed_users), "chunk": $(/document/pages/*), "effective_date": $(/document/effective_date), "last_modified": $(/document/metadata_storage_last_modified), "policy_category": $(/document/policy_category), "policy_name": $(/document/policy_name), "policy_scope": $(/document/security_metadata/policy_scope), "source_file": $(/document/metadata_storage_name), "source_path": $(/document/metadata_storage_path), "text_vector": $(/document/pages/*/text_vector), "title": $(/document/metadata_storage_name) }','Missing or empty value '/document/effective_date'.','https://go.microsoft.com/fwlink/?linkid=2099697'
'localId=https%3a%2f%2fsapolicyairagdev.blob.core.windows.net%2fbc-corp-policy-documents%2fhr%2fremote-work-policy.pdf&documentKey=https%3a%2f%2fsapolicyairagdev.blob.core.windows.net%2fbc-corp-policy-documents%2fhr%2fremote-work-policy.pdf','Enrichment.ShaperSkill.security-metadata-to-collections','Skill executed but may have unexpected results because one or more skill input was invalid.','
Expression language parsing issues:
Missing or empty value '/document/allowed_users'.
Missing or empty value '/document/allowed_roles'.','https://go.microsoft.com/fwlink/?linkid=2106385'
'localId=https%3a%2f%2fsapolicyairagdev.blob.core.windows.net%2fbc-corp-policy-documents%2fhr%2fremote-work-policy.pdf&documentKey=https%3a%2f%2fsapolicyairagdev.blob.core.windows.net%2fbc-corp-policy-documents%2fhr%2fremote-work-policy.pdf','Projection.IndexProjections.SearchIndex.index-policy-assist-ai-search-v2','Could not generate projection from input '/document/pages/*'. Check the 'source' or 'sourceContext' property of your projection in your skillset. =$(/document/pages/*) ?map { "allowed_groups": $(/document/security_metadata/allowed_groups)_ "allowed_roles": $(/document/security_metadata/allowed_roles), "allowed_users": $(/document/security_metadata/allowed_users), "chunk": $(/document/pages/*), "effective_date": $(/document/effective_date), "last_modified": $(/document/metadata_storage_last_modified), "policy_category": $(/document/policy_category), "policy_name": $(/document/policy_name), "policy_scope": $(/document/security_metadata/policy_scope), "source_file": $(/document/metadata_storage_name), "source_path": $(/document/metadata_storage_path), "text_vector": $(/document/pages/*/text_vector), "title": $(/document/metadata_storage_name) }','Missing or empty value '/document/policy_name'.','https://go.microsoft.com/fwlink/?linkid=2099697'
'localId=https%3a%2f%2fsapolicyairagdev.blob.core.windows.net%2fbc-corp-policy-documents%2fhr%2fremote-work-policy.pdf&documentKey=https%3a%2f%2fsapolicyairagdev.blob.core.windows.net%2fbc-corp-policy-documents%2fhr%2fremote-work-policy.pdf','Projection.IndexProjections.SearchIndex.index-policy-assist-ai-search-v2','Could not generate projection from input '/document/pages/*'. Check the 'source' or 'sourceContext' property of your projection in your skillset. =$(/document/pages/*) ?map { "allowed_groups": $(/document/security_metadata/allowed_groups)_ "allowed_roles": $(/document/security_metadata/allowed_roles), "allowed_users": $(/document/security_metadata/allowed_users), "chunk": $(/document/pages/*), "effective_date": $(/document/effective_date), "last_modified": $(/document/metadata_storage_last_modified), "policy_category": $(/document/policy_category), "policy_name": $(/document/policy_name), "policy_scope": $(/document/security_metadata/policy_scope), "source_file": $(/document/metadata_storage_name), "source_path": $(/document/metadata_storage_path), "text_vector": $(/document/pages/*/text_vector), "title": $(/document/metadata_storage_name) }','Missing or empty value '/document/policy_category'.','https://go.microsoft.com/fwlink/?linkid=2099697'
'localId=https%3a%2f%2fsapolicyairagdev.blob.core.windows.net%2fbc-corp-policy-documents%2fhr%2fremote-work-policy.pdf&documentKey=https%3a%2f%2fsapolicyairagdev.blob.core.windows.net%2fbc-corp-policy-documents%2fhr%2fremote-work-policy.pdf','Projection.IndexProjections.SearchIndex.index-policy-assist-ai-search-v2','Could not generate projection from input '/document/pages/*'. Check the 'source' or 'sourceContext' property of your projection in your skillset. =$(/document/pages/*) ?map { "allowed_groups": $(/document/security_metadata/allowed_groups)_ "allowed_roles": $(/document/security_metadata/allowed_roles), "allowed_users": $(/document/security_metadata/allowed_users), "chunk": $(/document/pages/*), "effective_date": $(/document/effective_date), "last_modified": $(/document/metadata_storage_last_modified), "policy_category": $(/document/policy_category), "policy_name": $(/document/policy_name), "policy_scope": $(/document/security_metadata/policy_scope), "source_file": $(/document/metadata_storage_name), "source_path": $(/document/metadata_storage_path), "text_vector": $(/document/pages/*/text_vector), "title": $(/document/metadata_storage_name) }','Missing or empty value '/document/effective_date'.','https://go.microsoft.com/fwlink/?linkid=2099697'
'localId=https%3a%2f%2fsapolicyairagdev.blob.core.windows.net%2fbc-corp-policy-documents%2fhr%2fonboarding-policy.pdf&documentKey=https%3a%2f%2fsapolicyairagdev.blob.core.windows.net%2fbc-corp-policy-documents%2fhr%2fonboarding-policy.pdf','Enrichment.ShaperSkill.security-metadata-to-collections','Skill executed but may have unexpected results because one or more skill input was invalid.','
Expression language parsing issues:
Missing or empty value '/document/allowed_users'.
Missing or empty value '/document/allowed_roles'.','https://go.microsoft.com/fwlink/?linkid=2106385'
'localId=https%3a%2f%2fsapolicyairagdev.blob.core.windows.net%2fbc-corp-policy-documents%2fhr%2fonboarding-policy.pdf&documentKey=https%3a%2f%2fsapolicyairagdev.blob.core.windows.net%2fbc-corp-policy-documents%2fhr%2fonboarding-policy.pdf','Projection.IndexProjections.SearchIndex.index-policy-assist-ai-search-v2','Could not generate projection from input '/document/pages/*'. Check the 'source' or 'sourceContext' property of your projection in your skillset. =$(/document/pages/*) ?map { "allowed_groups": $(/document/security_metadata/allowed_groups)_ "allowed_roles": $(/document/security_metadata/allowed_roles), "allowed_users": $(/document/security_metadata/allowed_users), "chunk": $(/document/pages/*), "effective_date": $(/document/effective_date), "last_modified": $(/document/metadata_storage_last_modified), "policy_category": $(/document/policy_category), "policy_name": $(/document/policy_name), "policy_scope": $(/document/security_metadata/policy_scope), "source_file": $(/document/metadata_storage_name), "source_path": $(/document/metadata_storage_path), "text_vector": $(/document/pages/*/text_vector), "title": $(/document/metadata_storage_name) }','Missing or empty value '/document/policy_name'.','https://go.microsoft.com/fwlink/?linkid=2099697'
'localId=https%3a%2f%2fsapolicyairagdev.blob.core.windows.net%2fbc-corp-policy-documents%2fhr%2fonboarding-policy.pdf&documentKey=https%3a%2f%2fsapolicyairagdev.blob.core.windows.net%2fbc-corp-policy-documents%2fhr%2fonboarding-policy.pdf','Projection.IndexProjections.SearchIndex.index-policy-assist-ai-search-v2','Could not generate projection from input '/document/pages/*'. Check the 'source' or 'sourceContext' property of your projection in your skillset. =$(/document/pages/*) ?map { "allowed_groups": $(/document/security_metadata/allowed_groups)_ "allowed_roles": $(/document/security_metadata/allowed_roles), "allowed_users": $(/document/security_metadata/allowed_users), "chunk": $(/document/pages/*), "effective_date": $(/document/effective_date), "last_modified": $(/document/metadata_storage_last_modified), "policy_category": $(/document/policy_category), "policy_name": $(/document/policy_name), "policy_scope": $(/document/security_metadata/policy_scope), "source_file": $(/document/metadata_storage_name), "source_path": $(/document/metadata_storage_path), "text_vector": $(/document/pages/*/text_vector), "title": $(/document/metadata_storage_name) }','Missing or empty value '/document/policy_category'.','https://go.microsoft.com/fwlink/?linkid=2099697'
'localId=https%3a%2f%2fsapolicyairagdev.blob.core.windows.net%2fbc-corp-policy-documents%2fhr%2fonboarding-policy.pdf&documentKey=https%3a%2f%2fsapolicyairagdev.blob.core.windows.net%2fbc-corp-policy-documents%2fhr%2fonboarding-policy.pdf','Projection.IndexProjections.SearchIndex.index-policy-assist-ai-search-v2','Could not generate projection from input '/document/pages/*'. Check the 'source' or 'sourceContext' property of your projection in your skillset. =$(/document/pages/*) ?map { "allowed_groups": $(/document/security_metadata/allowed_groups)_ "allowed_roles": $(/document/security_metadata/allowed_roles), "allowed_users": $(/document/security_metadata/allowed_users), "chunk": $(/document/pages/*), "effective_date": $(/document/effective_date), "last_modified": $(/document/metadata_storage_last_modified), "policy_category": $(/document/policy_category), "policy_name": $(/document/policy_name), "policy_scope": $(/document/security_metadata/policy_scope), "source_file": $(/document/metadata_storage_name), "source_path": $(/document/metadata_storage_path), "text_vector": $(/document/pages/*/text_vector), "title": $(/document/metadata_storage_name) }','Missing or empty value '/document/effective_date'.','https://go.microsoft.com/fwlink/?linkid=2099697'
'localId=https%3a%2f%2fsapolicyairagdev.blob.core.windows.net%2fbc-corp-policy-documents%2fcloud%2fcloud-cost-policy.pdf&documentKey=https%3a%2f%2fsapolicyairagdev.blob.core.windows.net%2fbc-corp-policy-documents%2fcloud%2fcloud-cost-policy.pdf','Enrichment.ShaperSkill.security-metadata-to-collections','Skill executed but may have unexpected results because one or more skill input was invalid.','
Expression language parsing issues:
Missing or empty value '/document/allowed_users'.
Missing or empty value '/document/allowed_roles'.','https://go.microsoft.com/fwlink/?linkid=2106385'
'localId=https%3a%2f%2fsapolicyairagdev.blob.core.windows.net%2fbc-corp-policy-documents%2fcloud%2fcloud-cost-policy.pdf&documentKey=https%3a%2f%2fsapolicyairagdev.blob.core.windows.net%2fbc-corp-policy-documents%2fcloud%2fcloud-cost-policy.pdf','Projection.IndexProjections.SearchIndex.index-policy-assist-ai-search-v2','Could not generate projection from input '/document/pages/*'. Check the 'source' or 'sourceContext' property of your projection in your skillset. =$(/document/pages/*) ?map { "allowed_groups": $(/document/security_metadata/allowed_groups)_ "allowed_roles": $(/document/security_metadata/allowed_roles), "allowed_users": $(/document/security_metadata/allowed_users), "chunk": $(/document/pages/*), "effective_date": $(/document/effective_date), "last_modified": $(/document/metadata_storage_last_modified), "policy_category": $(/document/policy_category), "policy_name": $(/document/policy_name), "policy_scope": $(/document/security_metadata/policy_scope), "source_file": $(/document/metadata_storage_name), "source_path": $(/document/metadata_storage_path), "text_vector": $(/document/pages/*/text_vector), "title": $(/document/metadata_storage_name) }','Missing or empty value '/document/policy_name'.','https://go.microsoft.com/fwlink/?linkid=2099697'
'localId=https%3a%2f%2fsapolicyairagdev.blob.core.windows.net%2fbc-corp-policy-documents%2fcloud%2fcloud-cost-policy.pdf&documentKey=https%3a%2f%2fsapolicyairagdev.blob.core.windows.net%2fbc-corp-policy-documents%2fcloud%2fcloud-cost-policy.pdf','Projection.IndexProjections.SearchIndex.index-policy-assist-ai-search-v2','Could not generate projection from input '/document/pages/*'. Check the 'source' or 'sourceContext' property of your projection in your skillset. =$(/document/pages/*) ?map { "allowed_groups": $(/document/security_metadata/allowed_groups)_ "allowed_roles": $(/document/security_metadata/allowed_roles), "allowed_users": $(/document/security_metadata/allowed_users), "chunk": $(/document/pages/*), "effective_date": $(/document/effective_date), "last_modified": $(/document/metadata_storage_last_modified), "policy_category": $(/document/policy_category), "policy_name": $(/document/policy_name), "policy_scope": $(/document/security_metadata/policy_scope), "source_file": $(/document/metadata_storage_name), "source_path": $(/document/metadata_storage_path), "text_vector": $(/document/pages/*/text_vector), "title": $(/document/metadata_storage_name) }','Missing or empty value '/document/policy_category'.','https://go.microsoft.com/fwlink/?linkid=2099697'
'localId=https%3a%2f%2fsapolicyairagdev.blob.core.windows.net%2fbc-corp-policy-documents%2fcloud%2fcloud-cost-policy.pdf&documentKey=https%3a%2f%2fsapolicyairagdev.blob.core.windows.net%2fbc-corp-policy-documents%2fcloud%2fcloud-cost-policy.pdf','Projection.IndexProjections.SearchIndex.index-policy-assist-ai-search-v2','Could not generate projection from input '/document/pages/*'. Check the 'source' or 'sourceContext' property of your projection in your skillset. =$(/document/pages/*) ?map { "allowed_groups": $(/document/security_metadata/allowed_groups)_ "allowed_roles": $(/document/security_metadata/allowed_roles), "allowed_users": $(/document/security_metadata/allowed_users), "chunk": $(/document/pages/*), "effective_date": $(/document/effective_date), "last_modified": $(/document/metadata_storage_last_modified), "policy_category": $(/document/policy_category), "policy_name": $(/document/policy_name), "policy_scope": $(/document/security_metadata/policy_scope), "source_file": $(/document/metadata_storage_name), "source_path": $(/document/metadata_storage_path), "text_vector": $(/document/pages/*/text_vector), "title": $(/document/metadata_storage_name) }','Missing or empty value '/document/effective_date'.','https://go.microsoft.com/fwlink/?linkid=2099697'